"cid","name","cost","power","ability","flavor","image","isReleased","source"
1,"Abomination",5,9,"","Foolish rabble! You are beneath me!","https://marvelsnapzone.com/wp-content/themes/blocksy-child/assets/media/cards/abomination.webp?v=25",true,"Starter Card"
2,"Absorbing Man",4,3,"<span>On Reveal</span>: If the last card you played has an On Reveal ability, this card copies it.","","https://marvelsnapzone.com/wp-content/themes/blocksy-child/assets/media/cards/absorbing-man.webp?v=25",true,"Series 4 Rare - Collection Level 486+ (Pool 4)"
3,"Adam Warlock",2,0,"At the end of each turn, if you are winning this location, draw a card.","","https://marvelsnapzone.com/wp-content/themes/blocksy-child/assets/media/cards/adam-warlock.webp?v=25",true,"Collection Level 486+ (Pool 3)"
4,"Aero",5,8,"<span>On Reveal</span>: Move all enemy cards played this turn to this location.","","https://marvelsnapzone.com/wp-content/themes/blocksy-child/assets/media/cards/aero.webp?v=25",true,"Collection Level 486+ (Pool 3)"
5,"Agatha Harkness",6,14,"Agatha starts in your hand and plays your cards for you.","","https://marvelsnapzone.com/wp-content/themes/blocksy-child/assets/media/cards/agatha-harkness.webp?v=25",true,"Collection Level 486+ (Pool 3)"
6,"Agent 13",1,2,"<span>On Reveal</span>: Add a random card to your hand.","","https://marvelsnapzone.com/wp-content/themes/blocksy-child/assets/media/cards/agent-13.webp?v=25",true,"Collection Level 222-474 (Pool 2)"
7,"Agent Coulson",3,4,"<span>On Reveal</span>: Add a random 4-cost and 5-cost card to your hand.","","https://marvelsnapzone.com/wp-content/themes/blocksy-child/assets/media/cards/agent-coulson.webp?v=25",true,"Series 4 Rare - Collection Level 486+ (Pool 4)"
8,"America Chavez",6,9,"You always draw this card on turn 6, and not before.","","https://marvelsnapzone.com/wp-content/themes/blocksy-child/assets/media/cards/america-chavez.webp?v=25",true,"Collection Level 18-214 (Pool 1)"
9,"Angel",1,2,"When one of your cards is destroyed, this flies out of your deck to replace it.","","https://marvelsnapzone.com/wp-content/themes/blocksy-child/assets/media/cards/angel.webp?v=25",true,"Collection Level 18-214 (Pool 1)"
10,"Angela",2,0,"When you play a card here, +2 Power.","","https://marvelsnapzone.com/wp-content/themes/blocksy-child/assets/media/cards/angela.webp?v=25",true,"Collection Level 18-214 (Pool 1)"
386,"Annihilus",6,5,"<span>On Reveal</span>: Each of your cards randomly chooses a location to move to.","","https://marvelsnapzone.com/wp-content/themes/blocksy-child/assets/media/cards/annihilus.webp?v=25",false,"Not Available"
407,"Ant Man",1,1,"<span>Ongoing</span>: If you have 3 other cards here, +3 Power.","","https://marvelsnapzone.com/wp-content/themes/blocksy-child/assets/media/cards/ant-man.webp?v=25",true,"Recruit Season"
12,"Apocalypse",6,8,"When you discard this from your hand, put it back with +4 Power.","","https://marvelsnapzone.com/wp-content/themes/blocksy-child/assets/media/cards/apocalypse.webp?v=25",true,"Collection Level 18-214 (Pool 1)"
13,"Armor",2,3,"<span>Ongoing</span>: Cards at this location can't be destroyed.","","https://marvelsnapzone.com/wp-content/themes/blocksy-child/assets/media/cards/armor.webp?v=25",true,"Collection Level 18-214 (Pool 1)"
14,"Arnim Zola",6,0,"<span>On Reveal</span>: Destroy a random friendly card here. Add copies of it to the other locations.","","https://marvelsnapzone.com/wp-content/themes/blocksy-child/assets/media/cards/arnim-zola.webp?v=25",true,"Collection Level 486+ (Pool 3)"
379,"Attuma",4,10,"If you have another card here at the end of your turn, destroy this.","","https://marvelsnapzone.com/wp-content/themes/blocksy-child/assets/media/cards/attuma.webp?v=25",true,"Series 4 Rare - Collection Level 486+ (Pool 4)"
18,"Baron Mordo",2,3,"<span>On Reveal</span>: Your opponent draws a card. Set its Cost to 6.","","https://marvelsnapzone.com/wp-content/themes/blocksy-child/assets/media/cards/baron-mordo.webp?v=25",true,"Collection Level 486+ (Pool 3)"
380,"Bast",1,1,"<span>On Reveal</span>: Set the Power of all cards in your hand to 3.","","https://marvelsnapzone.com/wp-content/themes/blocksy-child/assets/media/cards/bast.webp?v=25",true,"Series 5 Ultra Rare - Collection Level 486+ (Pool 5)"
20,"Beast",2,2,"<span>On Reveal</span>: Return your other cards at this location to your hand. They cost 1 less.","","https://marvelsnapzone.com/wp-content/themes/blocksy-child/assets/media/cards/beast.webp?v=25",true,"Collection Level 486+ (Pool 3)"
21,"Bishop",3,1,"When you play a card, this gains +1 Power.","","https://marvelsnapzone.com/wp-content/themes/blocksy-child/assets/media/cards/bishop.webp?v=25",true,"Collection Level 18-214 (Pool 1)"
22,"Black Bolt",5,8,"<span>On Reveal</span>: Your opponent must discard the lowest-Cost card in their hand.","","https://marvelsnapzone.com/wp-content/themes/blocksy-child/assets/media/cards/black-bolt.webp?v=25",true,"Collection Level 486+ (Pool 3)"
23,"Black Cat",3,6,"If this is in your hand at the end of your turn, discard it.","","https://marvelsnapzone.com/wp-content/themes/blocksy-child/assets/media/cards/black-cat.webp?v=25",true,"Collection Level 486+ (Pool 3)"
24,"Black Knight",1,2,"When this is destroyed, draw a card.","","https://marvelsnapzone.com/wp-content/themes/blocksy-child/assets/media/cards/black-knight.webp?v=25",false,"Not Available"
25,"Black Panther",5,4,"<span>On Reveal</span>: Double this card's Power.","","https://marvelsnapzone.com/wp-content/themes/blocksy-child/assets/media/cards/black-panther.webp?v=25",true,"Series 5 Ultra Rare - Collection Level 486+ (Pool 5)"
26,"Black Widow",2,1,"<span>On Reveal</span>: Add a Widow's Bite to your opponent's hand.","","https://marvelsnapzone.com/wp-content/themes/blocksy-child/assets/media/cards/black-widow.webp?v=25",true,"Collection Level 486+ (Pool 3)"
27,"Blade",1,3,"<span>On Reveal</span>: Discard a card from your hand.","","https://marvelsnapzone.com/wp-content/themes/blocksy-child/assets/media/cards/blade.webp?v=25",true,"Collection Level 18-214 (Pool 1)"
28,"Blink",3,1,"You can move this each turn. When it moves, +1 Power.","","https://marvelsnapzone.com/wp-content/themes/blocksy-child/assets/media/cards/blink.webp?v=25",false,"Not Available"
29,"Blob",3,4,"<span>Ongoing</span>: Nothing can move this to another location.","","https://marvelsnapzone.com/wp-content/themes/blocksy-child/assets/media/cards/blob.webp?v=25",false,"Not Available"
30,"Blue Marvel",5,3,"<span>Ongoing</span>: Your other cards have +1 Power.","","https://marvelsnapzone.com/wp-content/themes/blocksy-child/assets/media/cards/blue-marvel.webp?v=25",true,"Recruit Season"
31,"Brood",3,2,"<span>On Reveal</span>: Add 2 Broodlings to this location with the same Power.","","https://marvelsnapzone.com/wp-content/themes/blocksy-child/assets/media/cards/brood.webp?v=25",true,"Collection Level 486+ (Pool 3)"
32,"Bucky Barnes",2,1,"When this is destroyed, create the Winter Soldier in its place.","","https://marvelsnapzone.com/wp-content/themes/blocksy-child/assets/media/cards/bucky-barnes.webp?v=25",true,"Collection Level 222-474 (Pool 2)"
33,"Bullseye",1,2,"<span>On Reveal</span>: The next card you draw will be a 2-Cost card. (if any are left)","","https://marvelsnapzone.com/wp-content/themes/blocksy-child/assets/media/cards/bullseye.webp?v=25",false,"Not Available"
34,"Cable",2,2,"<span>On Reveal</span>: Put the bottom card of your opponent's deck into your hand.","","https://marvelsnapzone.com/wp-content/themes/blocksy-child/assets/media/cards/cable.webp?v=25",true,"Collection Level 18-214 (Pool 1)"
35,"Captain America",3,3,"<span>Ongoing</span>: Your other cards at this location have +1 Power.","","https://marvelsnapzone.com/wp-content/themes/blocksy-child/assets/media/cards/captain-america.webp?v=25",true,"Collection Level 18-214 (Pool 1)"
36,"Captain Marvel",5,6,"At the end of the game, move to a location that wins you the game. (If possible)","","https://marvelsnapzone.com/wp-content/themes/blocksy-child/assets/media/cards/captain-marvel.webp?v=25",true,"Collection Level 486+ (Pool 3)"
37,"Carnage",2,2,"<span>On Reveal</span>: Destroy your other cards here. +2 Power for each destroyed.","","https://marvelsnapzone.com/wp-content/themes/blocksy-child/assets/media/cards/carnage.webp?v=25",true,"Collection Level 18-214 (Pool 1)"
39,"Cerebro",3,0,"<span>Ongoing</span>: Your highest Power cards get +2 Power.","","https://marvelsnapzone.com/wp-content/themes/blocksy-child/assets/media/cards/cerebro.webp?v=25",true,"Collection Level 486+ (Pool 3)"
40,"Cloak",2,4,"<span>On Reveal</span>: Next turn, both players can move cards to this location.","","https://marvelsnapzone.com/wp-content/themes/blocksy-child/assets/media/cards/cloak.webp?v=25",true,"Collection Level 222-474 (Pool 2)"
42,"Colleen Wing",2,4,"<span>On Reveal</span>: Discard the lowest-cost card from your hand.","","https://marvelsnapzone.com/wp-content/themes/blocksy-child/assets/media/cards/colleen-wing.webp?v=25",true,"Collection Level 486+ (Pool 3)"
43,"Colossus",2,3,"<span>Ongoing</span>: Can't be destroyed, moved, or have its Power reduced.","","https://marvelsnapzone.com/wp-content/themes/blocksy-child/assets/media/cards/colossus.webp?v=25",true,"Recruit Season"
44,"Cosmo",3,3,"<span>Ongoing</span>: On Reveal abilities won't happen at this location.","","https://marvelsnapzone.com/wp-content/themes/blocksy-child/assets/media/cards/cosmo.webp?v=25",true,"Collection Level 18-214 (Pool 1)"
46,"Crossbones",4,8,"You can only play this at locations where you are winning.","","https://marvelsnapzone.com/wp-content/themes/blocksy-child/assets/media/cards/crossbones.webp?v=25",true,"Collection Level 486+ (Pool 3)"
47,"Crystal",4,4,"<span>On Reveal</span>: If this is at the middle location, shuffle your hand into your deck and draw 3 cards.","","https://marvelsnapzone.com/wp-content/themes/blocksy-child/assets/media/cards/crystal.webp?v=25",true,"Collection Level 486+ (Pool 3)"
48,"Cyclops",3,4,"","Let's move, X-Men.","https://marvelsnapzone.com/wp-content/themes/blocksy-child/assets/media/cards/cyclops.webp?v=25",true,"Starter Card"
49,"Dagger",2,1,"When this moves to a location, +2 Power for each card your opponent has there.","","https://marvelsnapzone.com/wp-content/themes/blocksy-child/assets/media/cards/dagger.webp?v=25",true,"Collection Level 486+ (Pool 3)"
52,"Daredevil",2,2,"On turn 5, you get to see your opponent's plays before you make your own.","","https://marvelsnapzone.com/wp-content/themes/blocksy-child/assets/media/cards/daredevil.webp?v=25",true,"Collection Level 486+ (Pool 3)"
54,"Darkhawk",4,1,"<span>Ongoing</span>: +2 Power for each card in your opponent's deck.","","https://marvelsnapzone.com/wp-content/themes/blocksy-child/assets/media/cards/darkhawk.webp?v=25",true,"Series 5 Ultra Rare - Collection Level 486+ (Pool 5)"
55,"Dazzler",4,4,"<span>Ongoing</span>: If you have 4 cards at each location, +6 Power.","","https://marvelsnapzone.com/wp-content/themes/blocksy-child/assets/media/cards/dazzler.webp?v=25",false,"Not Available"
56,"Deadpool",1,1,"When this is destroyed, return it to your hand with double the Power.","","https://marvelsnapzone.com/wp-content/themes/blocksy-child/assets/media/cards/deadpool.webp?v=25",true,"Collection Level 486+ (Pool 3)"
57,"Death",9,12,"Costs 1 less for each card destroyed this game.","","https://marvelsnapzone.com/wp-content/themes/blocksy-child/assets/media/cards/death.webp?v=25",true,"Collection Level 486+ (Pool 3)"
58,"Deathlok",3,5,"<span>On Reveal</span>: Destroy your other cards at this location.","","https://marvelsnapzone.com/wp-content/themes/blocksy-child/assets/media/cards/deathlok.webp?v=25",true,"Collection Level 18-214 (Pool 1)"
59,"Debrii",3,3,"<span>On Reveal</span>: Add a Rock to each other location, for both players.","","https://marvelsnapzone.com/wp-content/themes/blocksy-child/assets/media/cards/debrii.webp?v=25",true,"Collection Level 486+ (Pool 3)"
61,"Destroyer",6,15,"<span>On Reveal</span>: Destroy your other cards.","","https://marvelsnapzone.com/wp-content/themes/blocksy-child/assets/media/cards/destroyer.webp?v=25",true,"Collection Level 486+ (Pool 3)"
62,"Devil Dinosaur",5,3,"<span>Ongoing</span>: +2 Power for each card in your hand.","","https://marvelsnapzone.com/wp-content/themes/blocksy-child/assets/media/cards/devil-dinosaur.webp?v=25",true,"Collection Level 18-214 (Pool 1)"
64,"Doctor Doom",6,5,"<span>On Reveal</span>: Add a 5-Power DoomBot to each other location.","","https://marvelsnapzone.com/wp-content/themes/blocksy-child/assets/media/cards/doctor-doom.webp?v=25",true,"Collection Level 486+ (Pool 3)"
65,"Doctor Octopus",5,10,"<span>On Reveal</span>: Pull 4 random cards from your opponent's hand to their side of this location.","","https://marvelsnapzone.com/wp-content/themes/blocksy-child/assets/media/cards/doctor-octopus.webp?v=25",true,"Collection Level 486+ (Pool 3)"
66,"Doctor Strange",3,3,"<span>On Reveal</span>: Move your highest Power cards to this location.","","https://marvelsnapzone.com/wp-content/themes/blocksy-child/assets/media/cards/doctor-strange.webp?v=25",true,"Collection Level 18-214 (Pool 1)"
67,"Domino",2,3,"You always draw this card on turn 2, and not before.","","https://marvelsnapzone.com/wp-content/themes/blocksy-child/assets/media/cards/domino.webp?v=25",true,"Collection Level 18-214 (Pool 1)"
69,"Dracula",4,0,"At the end of the game, discard a card from your hand. This has its Power.","","https://marvelsnapzone.com/wp-content/themes/blocksy-child/assets/media/cards/dracula.webp?v=25",true,"Collection Level 486+ (Pool 3)"
70,"Drax",4,4,"<span>On Reveal</span>: If your opponent played a card here this turn, +4 Power.","","https://marvelsnapzone.com/wp-content/themes/blocksy-child/assets/media/cards/drax.webp?v=25",true,"Collection Level 486+ (Pool 3)"
73,"Ebony Maw",1,7,"You can't play this after turn 3. <span>Ongoing</span>: You can't play cards here.","","https://marvelsnapzone.com/wp-content/themes/blocksy-child/assets/media/cards/ebony-maw.webp?v=25",true,"Collection Level 222-474 (Pool 2)"
75,"Electro",3,2,"<span>On Reveal</span>: +1 Max Energy. <span>Ongoing</span>: You can only play 1 card a turn.","","https://marvelsnapzone.com/wp-content/themes/blocksy-child/assets/media/cards/electro.webp?v=25",true,"Collection Level 486+ (Pool 3)"
76,"Elektra",1,1,"<span>On Reveal</span>: Destroy a random enemy 1-Cost card at this location.","","https://marvelsnapzone.com/wp-content/themes/blocksy-child/assets/media/cards/elektra.webp?v=25",true,"Collection Level 18-214 (Pool 1)"
77,"Elsa Bloodstone",1,1,"At the end of each turn, if you are winning this location, +1 Power.","","https://marvelsnapzone.com/wp-content/themes/blocksy-child/assets/media/cards/elsa-bloodstone.webp?v=25",false,"Not Available"
79,"Enchantress",4,4,"<span>On Reveal</span>: Remove the abilities from all Ongoing cards at this location.","","https://marvelsnapzone.com/wp-content/themes/blocksy-child/assets/media/cards/enchantress.webp?v=25",true,"Collection Level 18-214 (Pool 1)"
80,"Falcon",2,3,"<span>On Reveal</span>: Return your 1-Cost cards to your hand.","","https://marvelsnapzone.com/wp-content/themes/blocksy-child/assets/media/cards/falcon.webp?v=25",true,"Collection Level 486+ (Pool 3)"
381,"Flatman",2,2,"<span>Ongoing</span>: Adjacent locations have +1 Power.","","https://marvelsnapzone.com/wp-content/themes/blocksy-child/assets/media/cards/flatman.webp?v=25",false,"Not Available"
81,"Forge",2,1,"<span>On Reveal</span>: Give the next card you play +2 Power.","","https://marvelsnapzone.com/wp-content/themes/blocksy-child/assets/media/cards/forge.webp?v=25",true,"Collection Level 18-214 (Pool 1)"
82,"Galactus",6,3,"<span>On Reveal</span>: If this is your only card here, destroy all other locations.","","https://marvelsnapzone.com/wp-content/themes/blocksy-child/assets/media/cards/galactus.webp?v=25",true,"Series 5 Ultra Rare - Collection Level 486+ (Pool 5)"
83,"Gambit",3,1,"<span>On Reveal</span>: Discard a card from your hand. Destroy a random enemy card.","","https://marvelsnapzone.com/wp-content/themes/blocksy-child/assets/media/cards/gambit.webp?v=25",true,"Collection Level 486+ (Pool 3)"
84,"Gamora",5,7,"<span>On Reveal</span>: If your opponent played a card here this turn, +5 Power.","","https://marvelsnapzone.com/wp-content/themes/blocksy-child/assets/media/cards/gamora.webp?v=25",true,"Recruit Season"
422,"Ghost",1,2,"<span>Ongoing</span>: Your cards are always revealed last. (Their On Reveal abilities happen last.)","","https://marvelsnapzone.com/wp-content/themes/blocksy-child/assets/media/cards/ghost.webp?v=25",false,"Not Available"
85,"Ghost Rider",4,3,"<span>On Reveal</span>: Bring back one of your discarded cards to this location.","","https://marvelsnapzone.com/wp-content/themes/blocksy-child/assets/media/cards/ghost-rider.webp?v=25",true,"Collection Level 486+ (Pool 3)"
86,"Ghost-Spider",2,2,"<span>On Reveal</span>: Move the last card you played here.","","https://marvelsnapzone.com/wp-content/themes/blocksy-child/assets/media/cards/ghost-spider.webp?v=25",false,"Not Available"
87,"Giganto",6,14,"You can only play this at the left location.","","https://marvelsnapzone.com/wp-content/themes/blocksy-child/assets/media/cards/giganto.webp?v=25",true,"Collection Level 486+ (Pool 3)"
382,"Goblin Queen",2,3,"<span>On Reveal</span>: Other cards can't be revealed this turn.","","https://marvelsnapzone.com/wp-content/themes/blocksy-child/assets/media/cards/goblin-queen.webp?v=25",false,"Not Available"
88,"Goose",2,2,"<span>Ongoing</span>: Nobody can play cards that cost 4, 5, or 6 at this location.","","https://marvelsnapzone.com/wp-content/themes/blocksy-child/assets/media/cards/goose.webp?v=25",true,"Collection Level 486+ (Pool 3)"
90,"Green Goblin",3,-3,"<span>On Reveal</span>: Your opponent gains control of this.","","https://marvelsnapzone.com/wp-content/themes/blocksy-child/assets/media/cards/green-goblin.webp?v=25",true,"Collection Level 486+ (Pool 3)"
91,"Groot",3,3,"<span>On Reveal</span>: If your opponent played a card here this turn, +3 Power.","","https://marvelsnapzone.com/wp-content/themes/blocksy-child/assets/media/cards/groot.webp?v=25",true,"Collection Level 18-214 (Pool 1)"
383,"Gwenpool",2,1,"<span>On Reveal</span>: Double this card's Power.","","https://marvelsnapzone.com/wp-content/themes/blocksy-child/assets/media/cards/gwenpool.webp?v=25",false,"Not Available"
93,"Hawkeye",1,1,"<span>On Reveal</span>: If you play a card here next turn, +2 Power.","","https://marvelsnapzone.com/wp-content/themes/blocksy-child/assets/media/cards/hawkeye.webp?v=25",true,"Starter Card"
94,"Hazmat",2,1,"<span>On Reveal</span>: Afflict all other cards with -1 Power.","","https://marvelsnapzone.com/wp-content/themes/blocksy-child/assets/media/cards/hazmat.webp?v=25",true,"Collection Level 486+ (Pool 3)"
95,"Heimdall",6,8,"<span>On Reveal</span>: Move your other cards one location to the left.","","https://marvelsnapzone.com/wp-content/themes/blocksy-child/assets/media/cards/heimdall.webp?v=25",true,"Collection Level 18-214 (Pool 1)"
96,"Hela",6,6,"<span>On Reveal</span>: Play all cards you discarded from your hand to random locations.","","https://marvelsnapzone.com/wp-content/themes/blocksy-child/assets/media/cards/hela.webp?v=25",true,"Collection Level 486+ (Pool 3)"
384,"Helicarrier",6,10,"When you discard this from your hand, add 3 random cards to your hand.","","https://marvelsnapzone.com/wp-content/themes/blocksy-child/assets/media/cards/helicarrier.webp?v=25",true,"Series 4 Rare - Collection Level 486+ (Pool 4)"
97,"Hellcow",4,6,"<span>On Reveal</span>: Discard 2 cards from your hand.","","https://marvelsnapzone.com/wp-content/themes/blocksy-child/assets/media/cards/hellcow.webp?v=25",true,"Collection Level 486+ (Pool 3)"
99,"Hit Monkey",2,0,"<span>On Reveal</span>: Gain +3 Power for each other card you played this turn.","","https://marvelsnapzone.com/wp-content/themes/blocksy-child/assets/media/cards/hit-monkey.webp?v=25",false,"Not Available"
100,"Hobgoblin",5,-8,"<span>On Reveal</span>: Your opponent gains control of this.","","https://marvelsnapzone.com/wp-content/themes/blocksy-child/assets/media/cards/hobgoblin.webp?v=25",true,"Collection Level 222-474 (Pool 2)"
101,"Hulk",6,12,"","HULK SMASH!","https://marvelsnapzone.com/wp-content/themes/blocksy-child/assets/media/cards/hulk.webp?v=25",true,"Starter Card"
102,"Hulkbuster",3,4,"<span>On Reveal</span>: Merge this card with a random friendly card at this location.","","https://marvelsnapzone.com/wp-content/themes/blocksy-child/assets/media/cards/hulk-buster.webp?v=25",true,"Collection Level 18-214 (Pool 1)"
103,"Human Torch",1,2,"When this moves, double its Power.","","https://marvelsnapzone.com/wp-content/themes/blocksy-child/assets/media/cards/human-torch.webp?v=25",true,"Collection Level 486+ (Pool 3)"
104,"Iceman",1,2,"<span>On Reveal</span>: Give a random card in your opponent's hand +1 Cost. (maximum 6)","","https://marvelsnapzone.com/wp-content/themes/blocksy-child/assets/media/cards/iceman.webp?v=25",true,"Collection Level 222-474 (Pool 2)"
105,"Invisible Woman",2,2,"<span>Ongoing</span>: Cards you play here are not revealed until the game ends.","","https://marvelsnapzone.com/wp-content/themes/blocksy-child/assets/media/cards/invisible-woman.webp?v=25",true,"Collection Level 486+ (Pool 3)"
106,"Iron Fist",1,2,"<span>On Reveal</span>: Move the next card you play one location to the left after it reveals.","","https://marvelsnapzone.com/wp-content/themes/blocksy-child/assets/media/cards/iron-fist.webp?v=25",true,"Collection Level 18-214 (Pool 1)"
107,"Iron Man",5,0,"<span>Ongoing</span>: Your total Power is doubled at this location.","","https://marvelsnapzone.com/wp-content/themes/blocksy-child/assets/media/cards/iron-man.webp?v=25",true,"Starter Card"
108,"Ironheart",3,0,"<span>On Reveal</span>: Give 3 other friendly cards +2 Power.","","https://marvelsnapzone.com/wp-content/themes/blocksy-child/assets/media/cards/ironheart.webp?v=25",true,"Recruit Season"
408,"Jane Foster Mighty Thor",5,8,"<span>On Reveal</span>: Draw all cards that Cost 0 from your deck.","","https://marvelsnapzone.com/wp-content/themes/blocksy-child/assets/media/cards/jane-foster-mighty-thor.webp?v=25",true,"Collection Level 486+ (Pool 3)"
110,"Jean Grey",3,3,"<span>On Reveal</span>: The next card your opponent plays must be played here, if possible.","","https://marvelsnapzone.com/wp-content/themes/blocksy-child/assets/media/cards/jean-grey.webp?v=25",false,"Not Available"
111,"Jessica Jones",4,4,"<span>On Reveal</span>: If you don't play a card here next turn, +4 Power.","","https://marvelsnapzone.com/wp-content/themes/blocksy-child/assets/media/cards/jessica-jones.webp?v=25",true,"Collection Level 1-14"
112,"Jubilee",4,1,"<span>On Reveal</span>: Play a card from your deck at this location.","","https://marvelsnapzone.com/wp-content/themes/blocksy-child/assets/media/cards/jubilee.webp?v=25",true,"Collection Level 222-474 (Pool 2)"
113,"Juggernaut",3,3,"<span>On Reveal</span>: If your opponent played cards here this turn, move them randomly.","","https://marvelsnapzone.com/wp-content/themes/blocksy-child/assets/media/cards/juggernaut.webp?v=25",true,"Collection Level 486+ (Pool 3)"
117,"Ka-Zar",4,4,"<span>Ongoing</span>: Your 1-Cost cards have +1 Power.","","https://marvelsnapzone.com/wp-content/themes/blocksy-child/assets/media/cards/ka-zar.webp?v=25",true,"Collection Level 1-14"
116,"Kang",5,0,"<span>On Reveal</span>: Look at what your opponent did, then restart the turn. (without Kang)","","https://marvelsnapzone.com/wp-content/themes/blocksy-child/assets/media/cards/kang.webp?v=25",false,"Not Available"
118,"Killmonger",3,3,"<span>On Reveal</span>: Destroy ALL 1-Cost cards.","","https://marvelsnapzone.com/wp-content/themes/blocksy-child/assets/media/cards/killmonger.webp?v=25",true,"Collection Level 222-474 (Pool 2)"
385,"King Eitri",5,3,"<span>On Reveal</span>: Give the next card you play +4 Power.","","https://marvelsnapzone.com/wp-content/themes/blocksy-child/assets/media/cards/king-eitri.webp?v=25",false,"Not Available"
119,"Kingpin",3,4,"When a card moves here on turn 6, destroy it.","","https://marvelsnapzone.com/wp-content/themes/blocksy-child/assets/media/cards/kingpin.webp?v=25",true,"Collection Level 486+ (Pool 3)"
120,"Kitty Pryde",1,2,"You can pull this back to your hand at any time.","","https://marvelsnapzone.com/wp-content/themes/blocksy-child/assets/media/cards/kitty-pryde.webp?v=25",false,"Not Available"
121,"Klaw",5,4,"<span>Ongoing</span>: The location to the right has +6 Power.","","https://marvelsnapzone.com/wp-content/themes/blocksy-child/assets/media/cards/klaw.webp?v=25",true,"Collection Level 18-214 (Pool 1)"
409,"Knull",6,0,"<span>Ongoing</span>: Has the combined Power of all cards destroyed this game.","","https://marvelsnapzone.com/wp-content/themes/blocksy-child/assets/media/cards/knull.webp?v=25",true,"Series 5 Ultra Rare - Collection Level 486+ (Pool 5)"
124,"Korg",1,2,"<span>On Reveal</span>: Shuffle a Rock into your opponent's deck.","","https://marvelsnapzone.com/wp-content/themes/blocksy-child/assets/media/cards/korg.webp?v=25",true,"Collection Level 18-214 (Pool 1)"
125,"Kraven",2,2,"When a card moves here, this gets +2 Power.","","https://marvelsnapzone.com/wp-content/themes/blocksy-child/assets/media/cards/kraven.webp?v=25",true,"Collection Level 18-214 (Pool 1)"
127,"Lady Deathstrike",6,4,"<span>On Reveal</span>: Destroy the enemy card with the highest Power at this location.","","https://marvelsnapzone.com/wp-content/themes/blocksy-child/assets/media/cards/lady-deathstrike.webp?v=25",false,"Not Available"
128,"Lady Sif",3,4,"<span>On Reveal</span>: Discard the highest-cost card from your hand.","","https://marvelsnapzone.com/wp-content/themes/blocksy-child/assets/media/cards/lady-sif.webp?v=25",true,"Collection Level 18-214 (Pool 1)"
129,"Leader",6,4,"<span>On Reveal</span>: Copy all cards your opponent played this turn, but on your side.","","https://marvelsnapzone.com/wp-content/themes/blocksy-child/assets/media/cards/leader.webp?v=25",true,"Collection Level 486+ (Pool 3)"
131,"Leech",5,3,"<span>On Reveal</span>: Remove the abilities from all cards in your opponent's hand.","","https://marvelsnapzone.com/wp-content/themes/blocksy-child/assets/media/cards/leech.webp?v=25",true,"Collection Level 222-474 (Pool 2)"
132,"Legion",5,4,"<span>On Reveal</span>: Change other locations into this location.","","https://marvelsnapzone.com/wp-content/themes/blocksy-child/assets/media/cards/legion.webp?v=25",false,"Not Available"
134,"Lizard",2,5,"<span>Ongoing</span>: -3 Power if your opponent has 4 cards here.","","https://marvelsnapzone.com/wp-content/themes/blocksy-child/assets/media/cards/lizard.webp?v=25",true,"Collection Level 18-214 (Pool 1)"
135,"Lockjaw",3,2,"When you play a card here, swap it with a card in your deck.","","https://marvelsnapzone.com/wp-content/themes/blocksy-child/assets/media/cards/lockjaw.webp?v=25",true,"Collection Level 486+ (Pool 3)"
138,"Luke Cage",2,1,"<span>Ongoing</span>: Your cards can't have their Power reduced.","","https://marvelsnapzone.com/wp-content/themes/blocksy-child/assets/media/cards/luke-cage.webp?v=25",true,"Series 4 Rare - Collection Level 486+ (Pool 4)"
139,"M'Baku",1,2,"If this is in your deck at the end of the game, it jumps to a random location.","","https://marvelsnapzone.com/wp-content/themes/blocksy-child/assets/media/cards/mbaku.webp?v=25",true,"Series 4 Rare - Collection Level 486+ (Pool 4)"
140,"Magik",5,3,"You can't play this on turn 6. <span>On Reveal</span>: Change this location to 'Limbo'.","","https://marvelsnapzone.com/wp-content/themes/blocksy-child/assets/media/cards/magik.webp?v=25",true,"Collection Level 486+ (Pool 3)"
141,"Magneto",6,12,"<span>On Reveal</span>: Move all opposing 3 and 4-Cost cards to this location.","","https://marvelsnapzone.com/wp-content/themes/blocksy-child/assets/media/cards/magneto.webp?v=25",true,"Collection Level 486+ (Pool 3)"
142,"Makkari",0,2,"When you draw this, place it at a random location.","","https://marvelsnapzone.com/wp-content/themes/blocksy-child/assets/media/cards/makkari.webp?v=25",false,"Not Available"
143,"Mantis",1,2,"<span>On Reveal</span>: If your opponent played a card here this turn, draw a card from their deck.","","https://marvelsnapzone.com/wp-content/themes/blocksy-child/assets/media/cards/mantis.webp?v=25",true,"Collection Level 18-214 (Pool 1)"
144,"Maria Hill",2,3,"<span>On Reveal</span>: Add a random 1-Cost card to your hand.","","https://marvelsnapzone.com/wp-content/themes/blocksy-child/assets/media/cards/maria-hill.webp?v=25",true,"Series 4 Rare - Collection Level 486+ (Pool 4)"
314,"Master Mold",3,3,"<span>On Reveal</span>: Add 3 Sentinel to your opponent's hand.","","https://marvelsnapzone.com/wp-content/themes/blocksy-child/assets/media/cards/master-mold.webp?v=25",false,"Not Available"
145,"Maximus",3,7,"<span>On Reveal</span>: Your opponent draws 2 cards.","","https://marvelsnapzone.com/wp-content/themes/blocksy-child/assets/media/cards/maximus.webp?v=25",true,"Collection Level 486+ (Pool 3)"
146,"Medusa",2,2,"<span>On Reveal</span>: If this is at the middle location, +2 Power.","","https://marvelsnapzone.com/wp-content/themes/blocksy-child/assets/media/cards/medusa.webp?v=25",true,"Starter Card"
147,"Mephisto",6,0,"If you win this game, double your winnings.","","https://marvelsnapzone.com/wp-content/themes/blocksy-child/assets/media/cards/mephisto.webp?v=25",false,"Not Available"
315,"Miles Morales",4,5,"If a card moved last turn, this costs 1.","","https://marvelsnapzone.com/wp-content/themes/blocksy-child/assets/media/cards/miles-morales.webp?v=25",true,"Collection Level 486+ (Pool 3)"
151,"Mirage",4,5,"As you play this, disguise it as Mister Fantastic. After the final turn, reveal it.","","https://marvelsnapzone.com/wp-content/themes/blocksy-child/assets/media/cards/mirage.webp?v=25",false,"Not Available"
153,"Mister Fantastic",3,2,"<span>Ongoing</span>: Adjacent locations have +2 Power.","","https://marvelsnapzone.com/wp-content/themes/blocksy-child/assets/media/cards/mister-fantastic.webp?v=25",true,"Collection Level 1-14"
154,"Mister Negative",4,-1,"<span>On Reveal</span>: Swap the Power and Cost of all cards in your deck.","","https://marvelsnapzone.com/wp-content/themes/blocksy-child/assets/media/cards/mister-negative.webp?v=25",true,"Collection Level 486+ (Pool 3)"
155,"Mister Sinister",2,2,"<span>On Reveal</span>: Add a Sinister Clone to this location with the same Power.","","https://marvelsnapzone.com/wp-content/themes/blocksy-child/assets/media/cards/mister-sinister.webp?v=25",true,"Collection Level 18-214 (Pool 1)"
156,"Misty Knight",1,2,"","We've got to save this city.","https://marvelsnapzone.com/wp-content/themes/blocksy-child/assets/media/cards/misty-knight.webp?v=25",true,"Starter Card"
157,"MODOK",5,8,"<span>On Reveal</span>: Discard your hand.","","https://marvelsnapzone.com/wp-content/themes/blocksy-child/assets/media/cards/modok.webp?v=25",false,"Not Available"
158,"Mojo",2,2,"<span>Ongoing</span>: If both players have 4 cards at this location, +6 Power.","","https://marvelsnapzone.com/wp-content/themes/blocksy-child/assets/media/cards/mojo.webp?v=25",true,"Collection Level 486+ (Pool 3)"
163,"Moon Girl",4,4,"<span>On Reveal</span>: Duplicate your hand.","","https://marvelsnapzone.com/wp-content/themes/blocksy-child/assets/media/cards/moon-girl.webp?v=25",true,"Collection Level 18-214 (Pool 1)"
164,"Moon Knight",3,3,"<span>On Reveal</span>: Discard a card from each player's hand.","","https://marvelsnapzone.com/wp-content/themes/blocksy-child/assets/media/cards/moon-knight.webp?v=25",true,"Collection Level 486+ (Pool 3)"
165,"Morbius",2,0,"<span>Ongoing</span>: +2 Power for each time you discarded a card this game.","","https://marvelsnapzone.com/wp-content/themes/blocksy-child/assets/media/cards/morbius.webp?v=25",true,"Collection Level 222-474 (Pool 2)"
166,"Morph",3,0,"<span>On Reveal</span>: Become a copy of a random card in your opponent's hand.","","https://marvelsnapzone.com/wp-content/themes/blocksy-child/assets/media/cards/morph.webp?v=25",true,"Collection Level 18-214 (Pool 1)"
316,"Ms. Marvel",3,4,"<span>Ongoing</span>: If this is your only card here, adjacent locations have +5 Power.","","https://marvelsnapzone.com/wp-content/themes/blocksy-child/assets/media/cards/ms.-marvel.webp?v=25",false,"Not Available"
169,"Multiple Man",2,3,"When this moves, add a copy to the old location.","","https://marvelsnapzone.com/wp-content/themes/blocksy-child/assets/media/cards/multiple-man.webp?v=25",true,"Collection Level 18-214 (Pool 1)"
171,"Mysterio",2,4,"As you play this, play Illusions to other locations. Disguise this as an Illusion until the game ends.","","https://marvelsnapzone.com/wp-content/themes/blocksy-child/assets/media/cards/mysterio.webp?v=25",true,"Collection Level 486+ (Pool 3)"
173,"Mystique",3,0,"<span>On Reveal</span>: If the last card you played has an Ongoing ability, this card gains it.","","https://marvelsnapzone.com/wp-content/themes/blocksy-child/assets/media/cards/mystique.webp?v=25",true,"Collection Level 486+ (Pool 3)"
174,"Nakia",3,1,"<span>On Reveal</span>: Give the 2 leftmost cards in your hand +2 Power.","","https://marvelsnapzone.com/wp-content/themes/blocksy-child/assets/media/cards/nakia.webp?v=25",true,"Collection Level 222-474 (Pool 2)"
175,"Namor",4,5,"<span>Ongoing</span>: +5 Power if this is your only card here.","","https://marvelsnapzone.com/wp-content/themes/blocksy-child/assets/media/cards/namor.webp?v=25",true,"Collection Level 18-214 (Pool 1)"
176,"Nebula",1,1,"<span>On Reveal</span>: If your opponent played a card here this turn, x2 Power and put this in your hand.","","https://marvelsnapzone.com/wp-content/themes/blocksy-child/assets/media/cards/nebula.webp?v=25",false,"Not Available"
177,"Negasonic Teenage Warhead",3,2,"When any card is played here, destroy this card AND that card.","","https://marvelsnapzone.com/wp-content/themes/blocksy-child/assets/media/cards/negasonic-teenage-warhead.webp?v=25",false,"Not Available"
180,"Nick Fury",5,7,"<span>On Reveal</span>: Add 3 random 6-Cost cards to your hand.","","https://marvelsnapzone.com/wp-content/themes/blocksy-child/assets/media/cards/nick-fury.webp?v=25",true,"Collection Level 486+ (Pool 3)"
388,"Night Nurse",2,2,"<span>On Reveal</span>: Add all cards you discarded or destroyed last turn to your hand.","","https://marvelsnapzone.com/wp-content/themes/blocksy-child/assets/media/cards/night-nurse.webp?v=25",false,"Not Available"
181,"Nightcrawler",1,2,"You can move this once.","","https://marvelsnapzone.com/wp-content/themes/blocksy-child/assets/media/cards/nightcrawler.webp?v=25",true,"Collection Level 1-14"
182,"Nova",1,2,"When this is destroyed, give your cards +1 Power.","","https://marvelsnapzone.com/wp-content/themes/blocksy-child/assets/media/cards/nova.webp?v=25",true,"Collection Level 18-214 (Pool 1)"
184,"Odin",6,8,"<span>On Reveal</span>: Activate the On Reveal abilities of your other cards at this location.","","https://marvelsnapzone.com/wp-content/themes/blocksy-child/assets/media/cards/odin.webp?v=25",true,"Collection Level 1-14"
185,"Okoye",2,2,"<span>On Reveal</span>: Give every card in your deck +1 Power.","","https://marvelsnapzone.com/wp-content/themes/blocksy-child/assets/media/cards/okoye.webp?v=25",true,"Collection Level 222-474 (Pool 2)"
187,"Omega Red",4,5,"<span>Ongoing</span>: If you're ahead by 10 Power here, +4 Power to other locations.","","https://marvelsnapzone.com/wp-content/themes/blocksy-child/assets/media/cards/omega-red.webp?v=25",true,"Collection Level 486+ (Pool 3)"
188,"Onslaught",6,7,"<span>Ongoing</span>: Double your other Ongoing effects at this location.","","https://marvelsnapzone.com/wp-content/themes/blocksy-child/assets/media/cards/onslaught.webp?v=25",true,"Collection Level 18-214 (Pool 1)"
190,"Orka",6,9,"<span>Ongoing</span>: +5 Power if this is your only card here.","","https://marvelsnapzone.com/wp-content/themes/blocksy-child/assets/media/cards/orka.webp?v=25",true,"Series 4 Rare - Collection Level 486+ (Pool 4)"
191,"Patriot",3,1,"<span>Ongoing</span>: Your cards with no abilities have +2 Power.","","https://marvelsnapzone.com/wp-content/themes/blocksy-child/assets/media/cards/patriot.webp?v=25",true,"Collection Level 486+ (Pool 3)"
193,"Polaris",3,5,"<span>On Reveal</span>: Move an opposing 1 or 2-Cost card to this location.","","https://marvelsnapzone.com/wp-content/themes/blocksy-child/assets/media/cards/polaris.webp?v=25",true,"Collection Level 486+ (Pool 3)"
195,"Professor X",5,3,"<span>Ongoing</span>: Lock down this location. (Cards can't be added, removed, etc.)","","https://marvelsnapzone.com/wp-content/themes/blocksy-child/assets/media/cards/professor-x.webp?v=25",true,"Collection Level 18-214 (Pool 1)"
196,"Psylocke",2,1,"<span>On Reveal</span>: Next turn, you get +1 Energy.","","https://marvelsnapzone.com/wp-content/themes/blocksy-child/assets/media/cards/psylocke.webp?v=25",true,"Collection Level 486+ (Pool 3)"
411,"Punisher",3,2,"<span>Ongoing</span>: +1 Power for each opposing card at this location.","","https://marvelsnapzone.com/wp-content/themes/blocksy-child/assets/media/cards/punisher.webp?v=25",true,"Starter Card"
197,"Quake",2,3,"<span>On Reveal</span>: If this is at the middle location, swap the positions of each location.","","https://marvelsnapzone.com/wp-content/themes/blocksy-child/assets/media/cards/quake.webp?v=25",true,"Collection Level 486+ (Pool 3)"
198,"Quicksilver",1,2,"Starts in your opening hand.","","https://marvelsnapzone.com/wp-content/themes/blocksy-child/assets/media/cards/quicksilver.webp?v=25",true,"Starter Card"
199,"Quinjet",1,2,"<span>Ongoing</span>: Cards that didn't start in your deck cost 1 less.","","https://marvelsnapzone.com/wp-content/themes/blocksy-child/assets/media/cards/quinjet.webp?v=25",true,"Collection Level 486+ (Pool 3)"
389,"Random",4,0,"<span>On Reveal</span>: Set this card's Power equal to the Power of a random card in your deck.","","https://marvelsnapzone.com/wp-content/themes/blocksy-child/assets/media/cards/random.webp?v=25",false,"Not Available"
202,"Red Guardian",3,6,"<span>On Reveal</span>: You must play a card here next turn.","","https://marvelsnapzone.com/wp-content/themes/blocksy-child/assets/media/cards/red-guardian.webp?v=25",false,"Not Available"
203,"Red Skull",5,15,"<span>Ongoing</span>: Enemy cards at this location have +2 Power.","","https://marvelsnapzone.com/wp-content/themes/blocksy-child/assets/media/cards/red-skull.webp?v=25",true,"Collection Level 486+ (Pool 3)"
204,"Rescue",4,4,"<span>On Reveal</span>: If you play a card here next turn, +5 Power.","","https://marvelsnapzone.com/wp-content/themes/blocksy-child/assets/media/cards/rescue.webp?v=25",true,"Collection Level 486+ (Pool 3)"
205,"Rhino",3,3,"<span>On Reveal</span>: Ruin this location. (remove its ability)","","https://marvelsnapzone.com/wp-content/themes/blocksy-child/assets/media/cards/rhino.webp?v=25",true,"Collection Level 222-474 (Pool 2)"
207,"Rocket Raccoon",1,2,"<span>On Reveal</span>: If your opponent played a card here this turn, +2 Power.","","https://marvelsnapzone.com/wp-content/themes/blocksy-child/assets/media/cards/rocket-racoon.webp?v=25",true,"Collection Level 18-214 (Pool 1)"
208,"Rockslide",4,6,"<span>On Reveal</span>: Shuffle 2 Rocks into your opponent's deck.","","https://marvelsnapzone.com/wp-content/themes/blocksy-child/assets/media/cards/rockslide.webp?v=25",true,"Collection Level 486+ (Pool 3)"
209,"Rogue",3,1,"<span>On Reveal</span>: Steal an Ongoing ability from a random enemy card at this location.","","https://marvelsnapzone.com/wp-content/themes/blocksy-child/assets/media/cards/rogue.webp?v=25",true,"Collection Level 486+ (Pool 3)"
210,"Ronan the Accuser",5,3,"<span>Ongoing</span>: +2 Power for each card in your opponent's hand.","","https://marvelsnapzone.com/wp-content/themes/blocksy-child/assets/media/cards/ronan-the-accuser.webp?v=25",true,"Collection Level 486+ (Pool 3)"
212,"Sabretooth",3,4,"When this is destroyed, return it to your hand. It costs 0.","","https://marvelsnapzone.com/wp-content/themes/blocksy-child/assets/media/cards/sabretooth.webp?v=25",true,"Collection Level 222-474 (Pool 2)"
215,"Sandman",4,1,"<span>Ongoing</span>: Players can only play 1 card a turn.","","https://marvelsnapzone.com/wp-content/themes/blocksy-child/assets/media/cards/sandman.webp?v=25",true,"Collection Level 222-474 (Pool 2)"
390,"Sauron",3,3,"<span>On Reveal</span>: Remove the abilities from all Ongoing cards in your hand and deck.","","https://marvelsnapzone.com/wp-content/themes/blocksy-child/assets/media/cards/sauron.webp?v=25",false,"Not Available"
217,"Scarlet Witch",2,3,"<span>On Reveal</span>: Replace this location with a random new one.","","https://marvelsnapzone.com/wp-content/themes/blocksy-child/assets/media/cards/scarlet-witch.webp?v=25",true,"Collection Level 18-214 (Pool 1)"
218,"Scorpion",2,2,"<span>On Reveal</span>: Afflict cards in your opponent's hand with -1 Power.","","https://marvelsnapzone.com/wp-content/themes/blocksy-child/assets/media/cards/scorpion.webp?v=25",true,"Collection Level 222-474 (Pool 2)"
219,"Sentinel",2,3,"<span>On Reveal</span>: Add another Sentinel to your hand.","","https://marvelsnapzone.com/wp-content/themes/blocksy-child/assets/media/cards/sentinel.webp?v=25",true,"Starter Card"
220,"Sentry",4,8,"Cannot be played at the right location. <span>On Reveal</span>: Add a -8 Power Void to the right location.","","https://marvelsnapzone.com/wp-content/themes/blocksy-child/assets/media/cards/sentry.webp?v=25",true,"Series 5 Ultra Rare - Collection Level 486+ (Pool 5)"
221,"Sera",5,4,"<span>Ongoing</span>: Cards in your hand cost 1 less. (minimum 1)","","https://marvelsnapzone.com/wp-content/themes/blocksy-child/assets/media/cards/sera.webp?v=25",true,"Collection Level 486+ (Pool 3)"
222,"Shadow King",6,4,"<span>On Reveal</span>: Destroy all other cards that have 2 or less Power.","","https://marvelsnapzone.com/wp-content/themes/blocksy-child/assets/media/cards/shadow-king.webp?v=25",false,"Not Available"
224,"Shang-Chi",4,3,"<span>On Reveal</span>: Destroy all enemy cards at this location that have 9 or more Power.","","https://marvelsnapzone.com/wp-content/themes/blocksy-child/assets/media/cards/shang-chi.webp?v=25",true,"Collection Level 222-474 (Pool 2)"
317,"Shanna",4,2,"<span>On Reveal</span>: Add a random 1-Cost card to each location","","https://marvelsnapzone.com/wp-content/themes/blocksy-child/assets/media/cards/shanna.webp?v=25",false,"Not Available"
226,"She-Hulk",6,10,"Costs 1 less for each unspent Energy last turn.","","https://marvelsnapzone.com/wp-content/themes/blocksy-child/assets/media/cards/she-hulk.webp?v=25",true,"Series 4 Rare - Collection Level 486+ (Pool 4)"
227,"Shocker",2,3,"","I'm gonna blast you!","https://marvelsnapzone.com/wp-content/themes/blocksy-child/assets/media/cards/shocker.webp?v=25",true,"Starter Card"
228,"Shuri",4,2,"<span>On Reveal</span>: Double the Power of the next card you play.","","https://marvelsnapzone.com/wp-content/themes/blocksy-child/assets/media/cards/shuri.webp?v=25",true,"Series 5 Ultra Rare - Collection Level 486+ (Pool 5)"
229,"Silk",2,5,"When anyone plays a card here, move this to another location.","","https://marvelsnapzone.com/wp-content/themes/blocksy-child/assets/media/cards/silk.webp?v=25",false,"Not Available"
230,"Silver Sable",2,6,"You can only play this at a location where you have 6+ total Power.","","https://marvelsnapzone.com/wp-content/themes/blocksy-child/assets/media/cards/silver-sable.webp?v=25",false,"Not Available"
231,"Silver Samurai",1,2,"When this is discarded from your hand, draw a card.","","https://marvelsnapzone.com/wp-content/themes/blocksy-child/assets/media/cards/silver-samurai.webp?v=25",false,"Not Available"
232,"Silver Surfer",3,0,"<span>On Reveal</span>: Give your other 3-Cost cards +3 Power.","","https://marvelsnapzone.com/wp-content/themes/blocksy-child/assets/media/cards/silver-surfer.webp?v=25",true,"Season Pass"
235,"Snowguard",1,2,"If you haven't played this by turn 3, transform into a random spirit animal.","","https://marvelsnapzone.com/wp-content/themes/blocksy-child/assets/media/cards/snowguard.webp?v=25",false,"Not Available"
239,"Spectrum",6,5,"<span>On Reveal</span>: Give your Ongoing cards +2 Power.","","https://marvelsnapzone.com/wp-content/themes/blocksy-child/assets/media/cards/spectrum.webp?v=25",true,"Collection Level 1-14"
240,"Spider-Man",4,3,"<span>On Reveal</span>: Your opponent canâ€™t play cards at this location next turn.","","https://marvelsnapzone.com/wp-content/themes/blocksy-child/assets/media/cards/spider-man.webp?v=25",true,"Collection Level 486+ (Pool 3)"
242,"Spider-Woman",5,7,"<span>On Reveal</span>: Afflict all enemy cards here with -1 Power.","","https://marvelsnapzone.com/wp-content/themes/blocksy-child/assets/media/cards/spider-woman.webp?v=25",true,"Collection Level 18-214 (Pool 1)"
244,"Squirrel Girl",1,1,"<span>On Reveal</span>: Add a 1-Power Squirrel to each other location.","","https://marvelsnapzone.com/wp-content/themes/blocksy-child/assets/media/cards/squirrel-girl.webp?v=25",true,"Collection Level 18-214 (Pool 1)"
245,"Star-Lord",2,2,"<span>On Reveal</span>: If your opponent played a card here this turn, +3 Power.","","https://marvelsnapzone.com/wp-content/themes/blocksy-child/assets/media/cards/star-lord.webp?v=25",true,"Starter Card"
423,"Stature",5,7,"Costs 1 if your opponent discarded a card from their hand this game.","","https://marvelsnapzone.com/wp-content/themes/blocksy-child/assets/media/cards/stature.webp?v=25",false,"Not Available"
247,"Storm",3,2,"<span>On Reveal</span>: Flood this location. Next turn is the last turn cards can be played here.","","https://marvelsnapzone.com/wp-content/themes/blocksy-child/assets/media/cards/storm.webp?v=25",true,"Collection Level 222-474 (Pool 2)"
249,"Strong Guy",4,4,"<span>Ongoing</span>: If your hand is empty, +6 Power.","","https://marvelsnapzone.com/wp-content/themes/blocksy-child/assets/media/cards/strong-guy.webp?v=25",true,"Collection Level 18-214 (Pool 1)"
250,"Stryfe",3,7,"If your opponent has 12+ Power here at the end of any turn, destroy this.","","https://marvelsnapzone.com/wp-content/themes/blocksy-child/assets/media/cards/stryfe.webp?v=25",false,"Not Available"
252,"Sunspot",1,1,"At the end of each turn, gain +1 Power for each unspent Energy.","","https://marvelsnapzone.com/wp-content/themes/blocksy-child/assets/media/cards/sunspot.webp?v=25",true,"Collection Level 222-474 (Pool 2)"
253,"Super-Skrull",4,2,"<span>Ongoing</span>: Has the Ongoing effects of all enemy cards.","","https://marvelsnapzone.com/wp-content/themes/blocksy-child/assets/media/cards/super-skrull.webp?v=25",true,"Series 5 Ultra Rare - Collection Level 486+ (Pool 5)"
254,"Surtur",5,0,"If you move the Human Torch to this location, +10 Power.","","https://marvelsnapzone.com/wp-content/themes/blocksy-child/assets/media/cards/surtur.webp?v=25",false,"Not Available"
255,"Swarm",2,3,"When this is discarded from your hand, add two copies that Cost 0 to your hand.","","https://marvelsnapzone.com/wp-content/themes/blocksy-child/assets/media/cards/swarm.webp?v=25",true,"Collection Level 222-474 (Pool 2)"
256,"Sword Master",3,6,"<span>On Reveal</span>: Discard a card from your hand.","","https://marvelsnapzone.com/wp-content/themes/blocksy-child/assets/media/cards/sword-master.webp?v=25",true,"Collection Level 18-214 (Pool 1)"
257,"Taskmaster",5,0,"<span>On Reveal</span>: Set this card's Power equal to the Power of the last card you played.","","https://marvelsnapzone.com/wp-content/themes/blocksy-child/assets/media/cards/taskmaster.webp?v=25",true,"Collection Level 486+ (Pool 3)"
258,"Thanos",6,8,"At the start of the game, shuffle the six Infinity Stones into your deck.","","https://marvelsnapzone.com/wp-content/themes/blocksy-child/assets/media/cards/thanos.webp?v=25",true,"Series 5 Ultra Rare - Collection Level 486+ (Pool 5)"
261,"The Collector",2,1,"","When a card enters your hand from anywhere (except your deck), +1 Power.","https://marvelsnapzone.com/wp-content/themes/blocksy-child/assets/media/cards/the-collector.webp?v=25",true,"Collection Level 222-474 (Pool 2)"
262,"The Hood",1,-2,"<span>On Reveal</span>: Add a Demon to your hand.","","https://marvelsnapzone.com/wp-content/themes/blocksy-child/assets/media/cards/the-hood.webp?v=25",true,"Collection Level 486+ (Pool 3)"
264,"The Infinaut",6,20,"If you played a card last turn, you can't play this.","","https://marvelsnapzone.com/wp-content/themes/blocksy-child/assets/media/cards/the-infinaut.webp?v=25",true,"Collection Level 222-474 (Pool 2)"
265,"The Living Tribunal",6,4,"At the end of the game, split your total Power evenly among all Locations.","","https://marvelsnapzone.com/wp-content/themes/blocksy-child/assets/media/cards/the-living-tribunal.webp?v=25",false,"Not Available"
413,"The Phoenix Force",6,3,"<span>On Reveal</span>: Revive one of your destroyed cards with +5 Power. If it's Jean Grey, +10 Power.","","https://marvelsnapzone.com/wp-content/themes/blocksy-child/assets/media/cards/the-phoenix-force.webp?v=25",false,"Not Available"
269,"The Thing",4,6,"","It's clobberin' time!","https://marvelsnapzone.com/wp-content/themes/blocksy-child/assets/media/cards/the-thing.webp?v=25",true,"Starter Card"
272,"Thor",3,4,"<span>On Reveal</span>: Shuffle Mjolnir into your deck.","","https://marvelsnapzone.com/wp-content/themes/blocksy-child/assets/media/cards/thor.webp?v=25",true,"Collection Level 486+ (Pool 3)"
277,"Titania",1,5,"When ANY card is played at this location, this card switches sides.","","https://marvelsnapzone.com/wp-content/themes/blocksy-child/assets/media/cards/titania.webp?v=25",true,"Series 4 Rare - Collection Level 486+ (Pool 4)"
279,"Typhoid Mary",4,10,"<span>Ongoing</span>: Your other cards have -1 Power.","","https://marvelsnapzone.com/wp-content/themes/blocksy-child/assets/media/cards/typhoid-mary.webp?v=25",true,"Collection Level 486+ (Pool 3)"
280,"Uatu the Watcher",1,2,"Once this is in your hand, you can see the unrevealed locations.","","https://marvelsnapzone.com/wp-content/themes/blocksy-child/assets/media/cards/uatu-the-watcher.webp?v=25",true,"Collection Level 18-214 (Pool 1)"
281,"Ultron",6,8,"<span>On Reveal</span>: Create four 1-Power Drones at each other location.","","https://marvelsnapzone.com/wp-content/themes/blocksy-child/assets/media/cards/ultron.webp?v=25",true,"Collection Level 486+ (Pool 3)"
282,"Uncle Ben",1,2,"When this card is destroyed, add Spider-Man to your hand.","","https://marvelsnapzone.com/wp-content/themes/blocksy-child/assets/media/cards/uncle-ben.webp?v=25",false,"Not Available"
283,"Valkyrie",5,3,"<span>On Reveal</span>: Set ALL cards at this location to 3 Power.","","https://marvelsnapzone.com/wp-content/themes/blocksy-child/assets/media/cards/valkyrie.webp?v=25",true,"Series 5 Ultra Rare - Collection Level 486+ (Pool 5)"
284,"Venom",3,1,"<span>On Reveal</span>: Destroy your other cards at this location. Add their Power to this card.","","https://marvelsnapzone.com/wp-content/themes/blocksy-child/assets/media/cards/venom.webp?v=25",true,"Collection Level 486+ (Pool 3)"
285,"Viper",2,3,"<span>On Reveal</span>: Your opponent gains control of one of your other cards at this location.","","https://marvelsnapzone.com/wp-content/themes/blocksy-child/assets/media/cards/viper.webp?v=25",true,"Collection Level 486+ (Pool 3)"
286,"Vision",5,7,"You can move this each turn.","","https://marvelsnapzone.com/wp-content/themes/blocksy-child/assets/media/cards/vision.webp?v=25",true,"Collection Level 222-474 (Pool 2)"
393,"Viv Vision",2,3,"When you move a card to a location, move this card
there as well.","","https://marvelsnapzone.com/wp-content/themes/blocksy-child/assets/media/cards/viv-vision.webp?v=25",false,"Not Available"
287,"Vulture",3,3,"When this card moves, +5 Power.","","https://marvelsnapzone.com/wp-content/themes/blocksy-child/assets/media/cards/vulture.webp?v=25",true,"Collection Level 222-474 (Pool 2)"
290,"War Machine",4,5,"<span>Ongoing</span>: Your 1-Cost cards have +1 Power.","","https://marvelsnapzone.com/wp-content/themes/blocksy-child/assets/media/cards/war-machine.webp?v=25",false,"Not Available"
291,"Warpath",4,5,"<span>Ongoing</span>: If any of your locations are empty, +4 Power.","","https://marvelsnapzone.com/wp-content/themes/blocksy-child/assets/media/cards/warpath.webp?v=25",true,"Collection Level 222-474 (Pool 2)"
293,"Wasp",0,1,"","My secret power is that I get things done.","https://marvelsnapzone.com/wp-content/themes/blocksy-child/assets/media/cards/wasp.webp?v=25",true,"Collection Level 486+ (Pool 3)"
294,"Wave",3,3,"<span>On Reveal</span>: Next turn, cards in both players' hands cost 4.","","https://marvelsnapzone.com/wp-content/themes/blocksy-child/assets/media/cards/wave.webp?v=25",true,"Collection Level 486+ (Pool 3)"
297,"White Queen",4,6,"<span>On Reveal</span>: Draw a copy of the highest Cost card in your opponent's hand.","","https://marvelsnapzone.com/wp-content/themes/blocksy-child/assets/media/cards/white-queen.webp?v=25",true,"Collection Level 18-214 (Pool 1)"
298,"White Tiger",5,1,"<span>On Reveal</span>: Add a 7-Power Tiger to another location.","","https://marvelsnapzone.com/wp-content/themes/blocksy-child/assets/media/cards/white-tiger.webp?v=25",true,"Collection Level 1-14"
394,"Witchfire",2,3,"<span>On Reveal</span>: Your opponent draws a card, increase its cost by 1.","","https://marvelsnapzone.com/wp-content/themes/blocksy-child/assets/media/cards/witchfire.webp?v=25",false,"Not Available"
301,"Wolfsbane",3,1,"<span>On Reveal</span>: +2 Power for each other card you have here.","","https://marvelsnapzone.com/wp-content/themes/blocksy-child/assets/media/cards/wolfsbane.webp?v=25",true,"Collection Level 1-14"
302,"Wolverine",2,3,"When this is discarded or destroyed, play it at a random location.","","https://marvelsnapzone.com/wp-content/themes/blocksy-child/assets/media/cards/wolverine.webp?v=25",true,"Collection Level 18-214 (Pool 1)"
303,"Wong",4,2,"<span>Ongoing</span>: Your On Reveal abilities at this location happen twice.","","https://marvelsnapzone.com/wp-content/themes/blocksy-child/assets/media/cards/wong.webp?v=25",true,"Collection Level 486+ (Pool 3)"
395,"X-23",3,3,"When this is discarded from your hand, put it back. It costs 0.","","https://marvelsnapzone.com/wp-content/themes/blocksy-child/assets/media/cards/x-23.webp?v=25",false,"Not Available"
307,"Yellowjacket",0,2,"<span>On Reveal</span>: Afflict your other cards at this location with -1 Power.","","https://marvelsnapzone.com/wp-content/themes/blocksy-child/assets/media/cards/yellowjacket.webp?v=25",true,"Collection Level 486+ (Pool 3)"
308,"Yo-Yo",1,2,"When this card moves, move it back with +1 Power.","","https://marvelsnapzone.com/wp-content/themes/blocksy-child/assets/media/cards/yo-yo.webp?v=25",false,"Not Available"
309,"Yondu",1,2,"<span>On Reveal</span>: Remove the top card of your opponent's deck.","","https://marvelsnapzone.com/wp-content/themes/blocksy-child/assets/media/cards/yondu.webp?v=25",true,"Collection Level 18-214 (Pool 1)"
310,"Zabu",3,2,"<span>Ongoing</span>: Your 4-Cost cards cost 2 less. (minimum 1)","","https://marvelsnapzone.com/wp-content/themes/blocksy-child/assets/media/cards/zabu.webp?v=25",false,"Not Available"
311,"Zero",1,3,"<span>On Reveal</span>: Remove the abilities on the next card you play.","","https://marvelsnapzone.com/wp-content/themes/blocksy-child/assets/media/cards/zero.webp?v=25",true,"Collection Level 486+ (Pool 3)"